threshold,image_index,dataset_index,original_bytes,payload_bits,payload_bytes,header_bytes,file_bytes,file_bpp,payload_bpp,predicted_bits,omitted_fraction,incorrect_omitted_predictions,omitted_error_rate,mse,mae,psnr_db,ssim,bit_error_rate,encode_seconds,decode_seconds,raw_payload_bytes,zlib_payload_bytes,payload_zlib_to_raw_ratio,first_incorrect_omission,mean_gap_between_errors,max_error_run,error_runs,mse_before_first_error_pixel,mse_after_first_error_pixel,encoder_decoder_equal
0.5,0,712,1024,0,0,34,34,0.265625,0.0,8192,1.0,4010,0.489501953125,6946.3857421875,73.8896484375,9.713214642640395,0.07671541106069647,0.489501953125,0.12348190937499481,0.1268541945312478,0,8,,2,2.042654028436019,9,2247,,6946.3857421875,True
0.5,1,24774,1024,0,0,34,34,0.265625,0.0,8192,1.0,3798,0.463623046875,6508.978515625,64.15234375,9.995675228121094,0.04842281045458065,0.463623046875,0.12348190937499481,0.1268541945312478,0,8,,0,2.157229391624967,9,2072,,6508.978515625,True
0.5,2,45142,1024,0,0,34,34,0.265625,0.0,8192,1.0,3833,0.4678955078125,3047.7265625,44.646484375,13.291043607083463,0.07852374571926421,0.4678955078125,0.12348190937499481,0.1268541945312478,0,8,,0,2.137526096033403,8,2051,,3047.7265625,True
0.5,3,27119,1024,0,0,34,34,0.265625,0.0,8192,1.0,4782,0.583740234375,26882.017578125,145.458984375,3.836185001258528,0.013498357910037576,0.583740234375,0.12348190937499481,0.1268541945312478,0,8,,1,1.712403262915708,13,2030,,26882.017578125,True
0.5,4,21139,1024,0,0,34,34,0.265625,0.0,8192,1.0,3887,0.4744873046875,3487.4169921875,47.1201171875,12.705764815795039,0.05740976853893869,0.4744873046875,0.12348190937499481,0.1268541945312478,0,8,,0,2.1078229541945444,12,2087,,3487.4169921875,True
0.5,5,19129,1024,0,0,34,34,0.265625,0.0,8192,1.0,4056,0.4951171875,7884.3984375,70.9296875,9.163117976659716,0.004559882983098652,0.4951171875,0.12348190937499481,0.1268541945312478,0,8,,2,2.0194821208384712,18,1982,,7884.3984375,True
0.5,6,6433,1024,0,0,34,34,0.265625,0.0,8192,1.0,3894,0.475341796875,3076.392578125,47.66015625,13.250386059301464,0.05297145081344077,0.475341796875,0.12348190937499481,0.1268541945312478,0,8,,0,2.103776008219882,8,2044,,3076.392578125,True
0.5,7,38854,1024,0,0,34,34,0.265625,0.0,8192,1.0,3993,0.4874267578125,6571.115234375,67.099609375,9.954412776045945,0.050073833294257575,0.4874267578125,0.12348190937499481,0.1268541945312478,0,8,,3,2.0511022044088176,8,2147,,6571.115234375,True
0.5,8,22489,1024,0,0,34,34,0.265625,0.0,8192,1.0,3904,0.4765625,4684.064453125,56.251953125,11.424574984974855,0.07745051732254614,0.4765625,0.12348190937499481,0.1268541945312478,0,8,,0,2.0983858570330516,11,2109,,4684.064453125,True
0.5,9,31104,1024,0,0,34,34,0.265625,0.0,8192,1.0,4272,0.521484375,18056.6728515625,118.6337890625,5.564426312428102,0.06724225349914324,0.521484375,0.12348190937499481,0.1268541945312478,0,8,,1,1.91711542964177,14,2035,,18056.6728515625,True
0.5,10,21349,1024,0,0,34,34,0.265625,0.0,8192,1.0,3765,0.4595947265625,5052.318359375,64.416015625,11.095896521272097,0.02395647871505528,0.4595947265625,0.12348190937499481,0.1268541945312478,0,8,,0,2.176142401700319,8,2300,,5052.318359375,True
0.5,11,29116,1024,0,0,34,34,0.265625,0.0,8192,1.0,4315,0.5267333984375,18567.865234375,122.279296875,5.4431838551934275,0.07185817414545176,0.5267333984375,0.12348190937499481,0.1268541945312478,0,8,,1,1.8984700973574409,13,2065,,18567.865234375,True
0.5,12,10772,1024,0,0,34,34,0.265625,0.0,8192,1.0,3902,0.476318359375,8267.6884765625,72.1552734375,8.95696256659485,0.05059371859060736,0.476318359375,0.12348190937499481,0.1268541945312478,0,8,,2,2.098692642912074,19,2039,,8267.6884765625,True
0.5,13,18332,1024,0,0,34,34,0.265625,0.0,8192,1.0,4116,0.50244140625,9604.30859375,84.43359375,8.30614255046263,0.04417945111231079,0.50244140625,0.12348190937499481,0.1268541945312478,0,8,,3,1.9897934386391252,12,2109,,9604.30859375,True
0.5,14,1003,1024,0,0,34,34,0.265625,0.0,8192,1.0,4168,0.5087890625,8952.6572265625,84.8916015625,8.611284040374846,0.015401406399934123,0.5087890625,0.12348190937499481,0.1268541945312478,0,8,,1,1.9652027837772978,14,2279,,8952.6572265625,True
0.5,15,22156,1024,0,0,34,34,0.265625,0.0,8192,1.0,3697,0.4512939453125,5423.775390625,55.97265625,10.787786646386818,0.08955066983599341,0.4512939453125,0.12348190937499481,0.1268541945312478,0,8,,2,2.2156385281385282,13,2033,,5423.775390625,True
0.5,16,26453,1024,0,0,34,34,0.265625,0.0,8192,1.0,3389,0.4136962890625,2072.482421875,33.30859375,14.96589505175184,0.05142097896379675,0.4136962890625,0.12348190937499481,0.1268541945312478,0,8,,0,2.417060212514758,8,2001,,2072.482421875,True
0.5,17,17039,1024,0,0,34,34,0.265625,0.0,8192,1.0,4632,0.5654296875,21176.6484375,142.5546875,4.872231340991503,0.04263560447343059,0.5654296875,0.12348190937499481,0.1268541945312478,0,8,,2,1.7676527747786654,16,1907,,21176.6484375,True
0.5,18,7166,1024,0,0,34,34,0.265625,0.0,8192,1.0,4018,0.490478515625,6533.771484375,68.5625,9.979164197108052,0.07630694879445772,0.490478515625,0.12348190937499481,0.1268541945312478,0,8,,1,2.0388349514563107,10,2181,,6533.771484375,True
0.5,19,48310,1024,0,0,34,34,0.265625,0.0,8192,1.0,4296,0.5244140625,18128.6875,120.189453125,5.547139981480856,0.05724617303779821,0.5244140625,0.12348190937499481,0.1268541945312478,0,8,,1,1.9066356228172294,22,2009,,18128.6875,True
0.6,0,712,1024,6408,801,34,835,6.5234375,6.2578125,1784,0.2177734375,703,0.39405829596412556,4566.31640625,41.017578125,11.535143598180476,0.3160862287477072,0.0858154296875,0.12348190937499481,0.1268541945312478,801,812,1.013732833957553,32,11.618233618233619,2,656,0.0,4584.2235294117645,True
0.6,1,24774,1024,6640,830,34,864,6.75,6.484375,1552,0.189453125,507,0.32667525773195877,2968.60546875,27.57421875,13.405278776976449,0.42819603201172357,0.0618896484375,0.12348190937499481,0.1268541945312478,830,841,1.0132530120481928,16,16.130434782608695,2,477,0.0,2974.4148727984343,True
0.6,2,45142,1024,6755,845,34,879,6.8671875,6.5966796875,1437,0.1754150390625,436,0.3034098816979819,1443.630859375,16.9453125,16.536242038055768,0.5090512528420089,0.05322265625,0.12348190937499481,0.1268541945312478,845,856,1.01301775147929,49,18.622988505747127,2,409,0.0,1452.139489194499,True
0.6,3,27119,1024,7112,889,34,923,7.2109375,6.9453125,1080,0.1318359375,403,0.3731481481481482,1494.064453125,14.880859375,16.387110277575076,0.752277973949661,0.0491943359375,0.12348190937499481,0.1268541945312478,889,706,0.7941507311586051,2,20.33084577114428,2,371,,1494.064453125,True
0.6,4,21139,1024,6543,818,34,852,6.65625,6.3896484375,1649,0.2012939453125,541,0.328077622801698,2375.22265625,24.5078125,14.37376033707748,0.2512776222324458,0.0660400390625,0.12348190937499481,0.1268541945312478,818,829,1.0134474327628362,49,15.07037037037037,3,499,0.0,2389.222003929273,True
0.6,5,19129,1024,6715,840,34,874,6.828125,6.5576171875,1477,0.1802978515625,543,0.3676371022342586,2989.51171875,28.71875,13.374801006937837,0.37617834040957265,0.0662841796875,0.12348190937499481,0.1268541945312478,840,851,1.013095238095238,31,15.046125461254613,2,506,0.0,2998.2957884427033,True
0.6,6,6433,1024,6845,856,34,890,6.953125,6.6845703125,1347,0.1644287109375,409,0.303637713437268,1787.361328125,18.73828125,15.608680036906211,0.27295154674371386,0.0499267578125,0.12348190937499481,0.1268541945312478,856,867,1.0128504672897196,25,19.88480392156863,2,385,0.0,1792.6131243878551,True
0.6,7,38854,1024,6561,821,34,855,6.6796875,6.4072265625,1631,0.1990966796875,636,0.38994481912936846,3854.24609375,35.046875,12.271409199450698,0.3769051901348927,0.07763671875,0.12348190937499481,0.1268541945312478,821,832,1.0133982947624847,4,12.883464566929133,3,584,,3854.24609375,True
0.6,8,22489,1024,6637,830,34,864,6.75,6.4814453125,1555,0.1898193359375,525,0.33762057877813506,1863.2880859375,19.9873046875,15.428003538189978,0.35234425265680824,0.0640869140625,0.12348190937499481,0.1268541945312478,830,841,1.0132530120481928,28,15.395038167938932,3,491,0.0,1868.7629774730656,True
0.6,9,31104,1024,6665,834,34,868,6.78125,6.5087890625,1527,0.1864013671875,638,0.4178127046496398,3806.25390625,32.884765625,12.32582605186671,0.5796944877161219,0.077880859375,0.12348190937499481,0.1268541945312478,834,845,1.013189448441247,2,12.84458398744113,2,538,,3806.25390625,True
0.6,10,21349,1024,6672,834,34,868,6.78125,6.515625,1520,0.185546875,540,0.35526315789473684,2142.7744140625,21.8056640625,14.821039088576855,0.32491001692607735,0.06591796875,0.12348190937499481,0.1268541945312478,834,845,1.013189448441247,40,15.096474953617811,3,513,0.0,2153.288518155054,True
0.6,11,29116,1024,6539,818,34,852,6.65625,6.3857421875,1653,0.2017822265625,713,0.43133696309739866,3749.271484375,33.392578125,12.391334720875523,0.30117910541066123,0.0870361328125,0.12348190937499481,0.1268541945312478,818,829,1.0134474327628362,23,11.42556179775281,3,625,0.0,3756.6086105675145,True
0.6,12,10772,1024,6552,819,34,853,6.6640625,6.3984375,1640,0.2001953125,584,0.35609756097560974,2587.5791015625,26.1845703125,14.001867259403229,0.5116115771561938,0.0712890625,0.12348190937499481,0.1268541945312478,819,830,1.0134310134310134,12,14.029159519725557,3,540,0.0,2590.108504398827,True
0.6,13,18332,1024,6619,828,34,862,6.734375,6.4638671875,1573,0.1920166015625,623,0.3960584869675779,3031.1474609375,29.1689453125,13.314732961882905,0.30200261549238655,0.0760498046875,0.12348190937499481,0.1268541945312478,828,839,1.0132850241545894,4,13.159163987138264,3,585,,3031.1474609375,True
0.6,14,1003,1024,6516,815,34,849,6.6328125,6.36328125,1676,0.20458984375,721,0.4301909307875895,3226.51953125,30.96484375,13.043460624805775,0.3588926616029931,0.0880126953125,0.12348190937499481,0.1268541945312478,815,826,1.0134969325153373,31,11.276388888888889,2,645,0.0,3236.0,True
0.6,15,22156,1024,6721,841,34,875,6.8359375,6.5634765625,1471,0.1795654296875,467,0.3174711080897349,2070.369140625,20.3828125,14.970325751000138,0.5810952614659367,0.0570068359375,0.12348190937499481,0.1268541945312478,841,852,1.0130796670630202,53,17.36266094420601,2,426,0.0,2082.571709233792,True
0.6,16,26453,1024,6557,820,34,854,6.671875,6.4033203125,1635,0.1995849609375,294,0.1798165137614679,1045.8134765625,11.7021484375,17.936261269322976,0.50465461860799,0.035888671875,0.12348190937499481,0.1268541945312478,820,831,1.0134146341463415,2,27.784982935153582,3,276,,1045.8134765625,True
0.6,17,17039,1024,6579,823,34,857,6.6953125,6.4248046875,1613,0.1968994140625,784,0.486050836949783,5478.3701171875,44.9267578125,10.744289911423197,0.1294524809810461,0.095703125,0.12348190937499481,0.1268541945312478,823,834,1.0133657351154313,33,10.310344827586206,2,699,0.0,5499.853921568628,True
0.6,18,7166,1024,6672,834,34,868,6.78125,6.515625,1520,0.185546875,523,0.34407894736842104,2545.4091796875,24.0576171875,14.07322754864506,0.3712700920911413,0.0638427734375,0.12348190937499481,0.1268541945312478,834,845,1.013189448441247,40,15.60344827586207,2,487,0.0,2557.8989205103044,True
0.6,19,48310,1024,6793,850,34,884,6.90625,6.6337890625,1399,0.1707763671875,500,0.35739814152966404,2648.6669921875,24.4013671875,13.900530014934894,0.4669664903880374,0.06103515625,0.12348190937499481,0.1268541945312478,850,861,1.0129411764705882,2,16.406813627254508,2,472,,2648.6669921875,True
0.7,0,712,1024,7974,997,34,1031,8.0546875,7.787109375,218,0.026611328125,17,0.0779816513761468,44.0,0.578125,31.69627684381723,0.989100229754339,0.0020751953125,0.12348190937499481,0.1268541945312478,997,1008,1.0110330992978938,1371,409.5,1,17,0.0,52.82063305978898,True
0.7,1,24774,1024,8069,1009,34,1043,8.1484375,7.8798828125,123,0.0150146484375,5,0.04065040650406504,24.5,0.28125,34.239142765033776,0.9881133267972245,0.0006103515625,0.12348190937499481,0.1268541945312478,1009,1020,1.0109018830525272,107,1509.5,1,5,0.0,24.81503461918892,True
0.7,2,45142,1024,8080,1010,34,1044,8.15625,7.890625,112,0.013671875,12,0.10714285714285714,48.0,0.6875,31.318391234923233,0.9742833478532665,0.00146484375,0.12348190937499481,0.1268541945312478,1010,1021,1.010891089108911,1760,573.1818181818181,1,12,0.0,61.134328358208954,True
0.7,3,27119,1024,8093,1012,34,1046,8.171875,7.9033203125,99,0.0120849609375,26,0.26262626262626265,96.0634765625,1.2900390625,28.305220610489513,0.9876976839237903,0.003173828125,0.12348190937499481,0.1268541945312478,1012,802,0.7924901185770751,2599,203.56,1,26,0.0,140.52714285714285,True
0.7,4,21139,1024,8087,1011,34,1045,8.1640625,7.8974609375,105,0.0128173828125,1,0.009523809523809525,4.0,0.0625,42.11020369539948,0.9897125537976376,0.0001220703125,0.12348190937499481,0.1268541945312478,1011,1022,1.0108803165182987,5169,,1,1,0.0,10.835978835978835,True
0.7,5,19129,1024,8109,1014,34,1048,8.1875,7.9189453125,83,0.0101318359375,8,0.0963855421686747,32.1875,0.3984375,33.05393114482644,0.9950510749918722,0.0009765625,0.12348190937499481,0.1268541945312478,1014,1025,1.0108481262327416,2468,661.7142857142857,1,8,0.0,46.03351955307262,True
0.7,6,6433,1024,8104,1013,34,1047,8.1796875,7.9140625,88,0.0107421875,9,0.10227272727272728,23.0625,0.3203125,34.50173977364775,0.9644155896149238,0.0010986328125,0.12348190937499481,0.1268541945312478,1013,1024,1.0108588351431391,2744,601.125,1,9,0.0,34.6784140969163,True
0.7,7,38854,1024,8043,1006,34,1040,8.125,7.8544921875,149,0.0181884765625,18,0.12080536912751678,40.125,0.640625,32.09665315454982,0.9686907426715272,0.002197265625,0.12348190937499481,0.1268541945312478,1006,1017,1.010934393638171,524,440.7647058823529,1,18,0.0,42.84462982273201,True
0.7,8,22489,1024,8110,1014,34,1048,8.1875,7.919921875,82,0.010009765625,8,0.0975609756097561,17.0,0.203125,35.826314394896364,0.9980365904229813,0.0009765625,0.12348190937499481,0.1268541945312478,1014,1025,1.0108481262327416,347,745.2857142857143,1,8,0.0,17.745158002038735,True
0.7,9,31104,1024,8102,1013,34,1047,8.1796875,7.912109375,90,0.010986328125,11,0.12222222222222222,67.0625,0.7265625,29.86600621557884,0.9833496918170936,0.0013427734375,0.12348190937499481,0.1268541945312478,1013,962,0.9496544916090819,1792,509.0,1,11,0.0,85.84,True
0.7,10,21349,1024,8063,1008,34,1042,8.140625,7.8740234375,129,0.0157470703125,19,0.14728682170542637,90.0625,0.8984375,28.585363627098456,0.932102008077329,0.0023193359375,0.12348190937499481,0.1268541945312478,1008,1019,1.0109126984126984,188,438.6666666666667,1,19,0.0,92.13186813186813,True
0.7,11,29116,1024,8077,1010,34,1044,8.15625,7.8876953125,115,0.0140380859375,12,0.10434782608695652,69.3779296875,0.6279296875,29.718590249858224,0.9716651630324472,0.00146484375,0.12348190937499481,0.1268541945312478,1010,1021,1.010891089108911,607,667.0,1,12,0.0,74.8609062170706,True
0.7,12,10772,1024,8074,1010,34,1044,8.15625,7.884765625,118,0.014404296875,23,0.19491525423728814,89.375,1.15625,28.618643060587733,0.984645863033832,0.0028076171875,0.12348190937499481,0.1268541945312478,1010,1021,1.010891089108911,201,339.27272727272725,1,23,0.0,91.61161161161161,True
0.7,13,18332,1024,8098,1013,34,1047,8.1796875,7.908203125,94,0.011474609375,13,0.13829787234042554,62.125,0.765625,30.198139591265218,0.9614901888424344,0.0015869140625,0.12348190937499481,0.1268541945312478,1013,1024,1.0108588351431391,184,632.0833333333334,1,13,0.0,63.55244755244755,True
0.7,14,1003,1024,8029,1004,34,1038,8.109375,7.8408203125,163,0.0198974609375,35,0.2147239263803681,64.25,0.921875,30.052072288645782,0.9701497702693122,0.0042724609375,0.12348190937499481,0.1268541945312478,1004,1015,1.0109561752988048,76,236.0,1,35,0.0,64.81970443349753,True
0.7,15,22156,1024,8100,1013,34,1047,8.1796875,7.91015625,92,0.01123046875,9,0.09782608695652174,80.0625,0.7578125,29.09651213779149,0.9679017805467443,0.0010986328125,0.12348190937499481,0.1268541945312478,1013,1024,1.0108588351431391,3073,588.875,1,9,0.0,128.1,True
0.7,16,26453,1024,8089,1012,34,1046,8.171875,7.8994140625,103,0.0125732421875,8,0.07766990291262135,39.5,0.4375,32.1648326524145,0.9834132049402373,0.0009765625,0.12348190937499481,0.1268541945312478,1012,1023,1.0108695652173914,2939,403.14285714285717,1,8,0.0,61.564687975646876,True
0.7,17,17039,1024,8123,1016,34,1050,8.203125,7.9326171875,69,0.0084228515625,7,0.10144927536231885,25.31640625,0.306640625,34.096783047266086,0.976315463068008,0.0008544921875,0.12348190937499481,0.1268541945312478,1016,1027,1.0108267716535433,1401,752.8333333333334,1,7,0.0,30.53474676089517,True
0.7,18,7166,1024,8044,1006,34,1040,8.125,7.85546875,148,0.01806640625,13,0.08783783783783784,26.5,0.390625,33.898344869311025,0.9784498810040675,0.0015869140625,0.12348190937499481,0.1268541945312478,1006,1017,1.010934393638171,1018,490.5833333333333,1,13,0.0,30.25195094760312,True
0.7,19,48310,1024,8078,1010,34,1044,8.15625,7.888671875,114,0.013916015625,11,0.09649122807017543,33.8134765625,0.4619140625,32.83990535435217,0.9953602861702125,0.0013427734375,0.12348190937499481,0.1268541945312478,1010,1008,0.998019801980198,258,700.9,1,11,0.0,34.904233870967744,True
0.8,0,712,1024,8192,1024,34,1058,8.265625,8.0,0,0.0,0,,0.0,0.0,,1.0,0.0,0.12348190937499481,0.1268541945312478,1024,994,0.970703125,,,0,0,,,True
0.8,1,24774,1024,8192,1024,34,1058,8.265625,8.0,0,0.0,0,,0.0,0.0,,1.0,0.0,0.12348190937499481,0.1268541945312478,1024,1035,1.0107421875,,,0,0,,,True
0.8,2,45142,1024,8192,1024,34,1058,8.265625,8.0,0,0.0,0,,0.0,0.0,,1.0,0.0,0.12348190937499481,0.1268541945312478,1024,968,0.9453125,,,0,0,,,True
0.8,3,27119,1024,8192,1024,34,1058,8.265625,8.0,0,0.0,0,,0.0,0.0,,1.0,0.0,0.12348190937499481,0.1268541945312478,1024,796,0.77734375,,,0,0,,,True
0.8,4,21139,1024,8192,1024,34,1058,8.265625,8.0,0,0.0,0,,0.0,0.0,,1.0,0.0,0.12348190937499481,0.1268541945312478,1024,984,0.9609375,,,0,0,,,True
0.8,5,19129,1024,8192,1024,34,1058,8.265625,8.0,0,0.0,0,,0.0,0.0,,1.0,0.0,0.12348190937499481,0.1268541945312478,1024,1032,1.0078125,,,0,0,,,True
0.8,6,6433,1024,8192,1024,34,1058,8.265625,8.0,0,0.0,0,,0.0,0.0,,1.0,0.0,0.12348190937499481,0.1268541945312478,1024,884,0.86328125,,,0,0,,,True
0.8,7,38854,1024,8192,1024,34,1058,8.265625,8.0,0,0.0,0,,0.0,0.0,,1.0,0.0,0.12348190937499481,0.1268541945312478,1024,1007,0.9833984375,,,0,0,,,True
0.8,8,22489,1024,8192,1024,34,1058,8.265625,8.0,0,0.0,0,,0.0,0.0,,1.0,0.0,0.12348190937499481,0.1268541945312478,1024,998,0.974609375,,,0,0,,,True
0.8,9,31104,1024,8192,1024,34,1058,8.265625,8.0,0,0.0,0,,0.0,0.0,,1.0,0.0,0.12348190937499481,0.1268541945312478,1024,953,0.9306640625,,,0,0,,,True
0.8,10,21349,1024,8192,1024,34,1058,8.265625,8.0,0,0.0,0,,0.0,0.0,,1.0,0.0,0.12348190937499481,0.1268541945312478,1024,923,0.9013671875,,,0,0,,,True
0.8,11,29116,1024,8192,1024,34,1058,8.265625,8.0,0,0.0,0,,0.0,0.0,,1.0,0.0,0.12348190937499481,0.1268541945312478,1024,993,0.9697265625,,,0,0,,,True
0.8,12,10772,1024,8192,1024,34,1058,8.265625,8.0,0,0.0,0,,0.0,0.0,,1.0,0.0,0.12348190937499481,0.1268541945312478,1024,1035,1.0107421875,,,0,0,,,True
0.8,13,18332,1024,8192,1024,34,1058,8.265625,8.0,0,0.0,0,,0.0,0.0,,1.0,0.0,0.12348190937499481,0.1268541945312478,1024,1035,1.0107421875,,,0,0,,,True
0.8,14,1003,1024,8192,1024,34,1058,8.265625,8.0,0,0.0,0,,0.0,0.0,,1.0,0.0,0.12348190937499481,0.1268541945312478,1024,999,0.9755859375,,,0,0,,,True
0.8,15,22156,1024,8192,1024,34,1058,8.265625,8.0,0,0.0,0,,0.0,0.0,,1.0,0.0,0.12348190937499481,0.1268541945312478,1024,1027,1.0029296875,,,0,0,,,True
0.8,16,26453,1024,8192,1024,34,1058,8.265625,8.0,0,0.0,0,,0.0,0.0,,1.0,0.0,0.12348190937499481,0.1268541945312478,1024,934,0.912109375,,,0,0,,,True
0.8,17,17039,1024,8192,1024,34,1058,8.265625,8.0,0,0.0,0,,0.0,0.0,,1.0,0.0,0.12348190937499481,0.1268541945312478,1024,884,0.86328125,,,0,0,,,True
0.8,18,7166,1024,8192,1024,34,1058,8.265625,8.0,0,0.0,0,,0.0,0.0,,1.0,0.0,0.12348190937499481,0.1268541945312478,1024,1020,0.99609375,,,0,0,,,True
0.8,19,48310,1024,8192,1024,34,1058,8.265625,8.0,0,0.0,0,,0.0,0.0,,1.0,0.0,0.12348190937499481,0.1268541945312478,1024,998,0.974609375,,,0,0,,,True
0.9,0,712,1024,8192,1024,34,1058,8.265625,8.0,0,0.0,0,,0.0,0.0,,1.0,0.0,0.12348190937499481,0.1268541945312478,1024,994,0.970703125,,,0,0,,,True
0.9,1,24774,1024,8192,1024,34,1058,8.265625,8.0,0,0.0,0,,0.0,0.0,,1.0,0.0,0.12348190937499481,0.1268541945312478,1024,1035,1.0107421875,,,0,0,,,True
0.9,2,45142,1024,8192,1024,34,1058,8.265625,8.0,0,0.0,0,,0.0,0.0,,1.0,0.0,0.12348190937499481,0.1268541945312478,1024,968,0.9453125,,,0,0,,,True
0.9,3,27119,1024,8192,1024,34,1058,8.265625,8.0,0,0.0,0,,0.0,0.0,,1.0,0.0,0.12348190937499481,0.1268541945312478,1024,796,0.77734375,,,0,0,,,True
0.9,4,21139,1024,8192,1024,34,1058,8.265625,8.0,0,0.0,0,,0.0,0.0,,1.0,0.0,0.12348190937499481,0.1268541945312478,1024,984,0.9609375,,,0,0,,,True
0.9,5,19129,1024,8192,1024,34,1058,8.265625,8.0,0,0.0,0,,0.0,0.0,,1.0,0.0,0.12348190937499481,0.1268541945312478,1024,1032,1.0078125,,,0,0,,,True
0.9,6,6433,1024,8192,1024,34,1058,8.265625,8.0,0,0.0,0,,0.0,0.0,,1.0,0.0,0.12348190937499481,0.1268541945312478,1024,884,0.86328125,,,0,0,,,True
0.9,7,38854,1024,8192,1024,34,1058,8.265625,8.0,0,0.0,0,,0.0,0.0,,1.0,0.0,0.12348190937499481,0.1268541945312478,1024,1007,0.9833984375,,,0,0,,,True
0.9,8,22489,1024,8192,1024,34,1058,8.265625,8.0,0,0.0,0,,0.0,0.0,,1.0,0.0,0.12348190937499481,0.1268541945312478,1024,998,0.974609375,,,0,0,,,True
0.9,9,31104,1024,8192,1024,34,1058,8.265625,8.0,0,0.0,0,,0.0,0.0,,1.0,0.0,0.12348190937499481,0.1268541945312478,1024,953,0.9306640625,,,0,0,,,True
0.9,10,21349,1024,8192,1024,34,1058,8.265625,8.0,0,0.0,0,,0.0,0.0,,1.0,0.0,0.12348190937499481,0.1268541945312478,1024,923,0.9013671875,,,0,0,,,True
0.9,11,29116,1024,8192,1024,34,1058,8.265625,8.0,0,0.0,0,,0.0,0.0,,1.0,0.0,0.12348190937499481,0.1268541945312478,1024,993,0.9697265625,,,0,0,,,True
0.9,12,10772,1024,8192,1024,34,1058,8.265625,8.0,0,0.0,0,,0.0,0.0,,1.0,0.0,0.12348190937499481,0.1268541945312478,1024,1035,1.0107421875,,,0,0,,,True
0.9,13,18332,1024,8192,1024,34,1058,8.265625,8.0,0,0.0,0,,0.0,0.0,,1.0,0.0,0.12348190937499481,0.1268541945312478,1024,1035,1.0107421875,,,0,0,,,True
0.9,14,1003,1024,8192,1024,34,1058,8.265625,8.0,0,0.0,0,,0.0,0.0,,1.0,0.0,0.12348190937499481,0.1268541945312478,1024,999,0.9755859375,,,0,0,,,True
0.9,15,22156,1024,8192,1024,34,1058,8.265625,8.0,0,0.0,0,,0.0,0.0,,1.0,0.0,0.12348190937499481,0.1268541945312478,1024,1027,1.0029296875,,,0,0,,,True
0.9,16,26453,1024,8192,1024,34,1058,8.265625,8.0,0,0.0,0,,0.0,0.0,,1.0,0.0,0.12348190937499481,0.1268541945312478,1024,934,0.912109375,,,0,0,,,True
0.9,17,17039,1024,8192,1024,34,1058,8.265625,8.0,0,0.0,0,,0.0,0.0,,1.0,0.0,0.12348190937499481,0.1268541945312478,1024,884,0.86328125,,,0,0,,,True
0.9,18,7166,1024,8192,1024,34,1058,8.265625,8.0,0,0.0,0,,0.0,0.0,,1.0,0.0,0.12348190937499481,0.1268541945312478,1024,1020,0.99609375,,,0,0,,,True
0.9,19,48310,1024,8192,1024,34,1058,8.265625,8.0,0,0.0,0,,0.0,0.0,,1.0,0.0,0.12348190937499481,0.1268541945312478,1024,998,0.974609375,,,0,0,,,True
0.95,0,712,1024,8192,1024,34,1058,8.265625,8.0,0,0.0,0,,0.0,0.0,,1.0,0.0,0.12348190937499481,0.1268541945312478,1024,994,0.970703125,,,0,0,,,True
0.95,1,24774,1024,8192,1024,34,1058,8.265625,8.0,0,0.0,0,,0.0,0.0,,1.0,0.0,0.12348190937499481,0.1268541945312478,1024,1035,1.0107421875,,,0,0,,,True
0.95,2,45142,1024,8192,1024,34,1058,8.265625,8.0,0,0.0,0,,0.0,0.0,,1.0,0.0,0.12348190937499481,0.1268541945312478,1024,968,0.9453125,,,0,0,,,True
0.95,3,27119,1024,8192,1024,34,1058,8.265625,8.0,0,0.0,0,,0.0,0.0,,1.0,0.0,0.12348190937499481,0.1268541945312478,1024,796,0.77734375,,,0,0,,,True
0.95,4,21139,1024,8192,1024,34,1058,8.265625,8.0,0,0.0,0,,0.0,0.0,,1.0,0.0,0.12348190937499481,0.1268541945312478,1024,984,0.9609375,,,0,0,,,True
0.95,5,19129,1024,8192,1024,34,1058,8.265625,8.0,0,0.0,0,,0.0,0.0,,1.0,0.0,0.12348190937499481,0.1268541945312478,1024,1032,1.0078125,,,0,0,,,True
0.95,6,6433,1024,8192,1024,34,1058,8.265625,8.0,0,0.0,0,,0.0,0.0,,1.0,0.0,0.12348190937499481,0.1268541945312478,1024,884,0.86328125,,,0,0,,,True
0.95,7,38854,1024,8192,1024,34,1058,8.265625,8.0,0,0.0,0,,0.0,0.0,,1.0,0.0,0.12348190937499481,0.1268541945312478,1024,1007,0.9833984375,,,0,0,,,True
0.95,8,22489,1024,8192,1024,34,1058,8.265625,8.0,0,0.0,0,,0.0,0.0,,1.0,0.0,0.12348190937499481,0.1268541945312478,1024,998,0.974609375,,,0,0,,,True
0.95,9,31104,1024,8192,1024,34,1058,8.265625,8.0,0,0.0,0,,0.0,0.0,,1.0,0.0,0.12348190937499481,0.1268541945312478,1024,953,0.9306640625,,,0,0,,,True
0.95,10,21349,1024,8192,1024,34,1058,8.265625,8.0,0,0.0,0,,0.0,0.0,,1.0,0.0,0.12348190937499481,0.1268541945312478,1024,923,0.9013671875,,,0,0,,,True
0.95,11,29116,1024,8192,1024,34,1058,8.265625,8.0,0,0.0,0,,0.0,0.0,,1.0,0.0,0.12348190937499481,0.1268541945312478,1024,993,0.9697265625,,,0,0,,,True
0.95,12,10772,1024,8192,1024,34,1058,8.265625,8.0,0,0.0,0,,0.0,0.0,,1.0,0.0,0.12348190937499481,0.1268541945312478,1024,1035,1.0107421875,,,0,0,,,True
0.95,13,18332,1024,8192,1024,34,1058,8.265625,8.0,0,0.0,0,,0.0,0.0,,1.0,0.0,0.12348190937499481,0.1268541945312478,1024,1035,1.0107421875,,,0,0,,,True
0.95,14,1003,1024,8192,1024,34,1058,8.265625,8.0,0,0.0,0,,0.0,0.0,,1.0,0.0,0.12348190937499481,0.1268541945312478,1024,999,0.9755859375,,,0,0,,,True
0.95,15,22156,1024,8192,1024,34,1058,8.265625,8.0,0,0.0,0,,0.0,0.0,,1.0,0.0,0.12348190937499481,0.1268541945312478,1024,1027,1.0029296875,,,0,0,,,True
0.95,16,26453,1024,8192,1024,34,1058,8.265625,8.0,0,0.0,0,,0.0,0.0,,1.0,0.0,0.12348190937499481,0.1268541945312478,1024,934,0.912109375,,,0,0,,,True
0.95,17,17039,1024,8192,1024,34,1058,8.265625,8.0,0,0.0,0,,0.0,0.0,,1.0,0.0,0.12348190937499481,0.1268541945312478,1024,884,0.86328125,,,0,0,,,True
0.95,18,7166,1024,8192,1024,34,1058,8.265625,8.0,0,0.0,0,,0.0,0.0,,1.0,0.0,0.12348190937499481,0.1268541945312478,1024,1020,0.99609375,,,0,0,,,True
0.95,19,48310,1024,8192,1024,34,1058,8.265625,8.0,0,0.0,0,,0.0,0.0,,1.0,0.0,0.12348190937499481,0.1268541945312478,1024,998,0.974609375,,,0,0,,,True
1.0,0,712,1024,8192,1024,34,1058,8.265625,8.0,0,0.0,0,,0.0,0.0,,1.0,0.0,0.12348190937499481,0.1268541945312478,1024,994,0.970703125,,,0,0,,,True
1.0,1,24774,1024,8192,1024,34,1058,8.265625,8.0,0,0.0,0,,0.0,0.0,,1.0,0.0,0.12348190937499481,0.1268541945312478,1024,1035,1.0107421875,,,0,0,,,True
1.0,2,45142,1024,8192,1024,34,1058,8.265625,8.0,0,0.0,0,,0.0,0.0,,1.0,0.0,0.12348190937499481,0.1268541945312478,1024,968,0.9453125,,,0,0,,,True
1.0,3,27119,1024,8192,1024,34,1058,8.265625,8.0,0,0.0,0,,0.0,0.0,,1.0,0.0,0.12348190937499481,0.1268541945312478,1024,796,0.77734375,,,0,0,,,True
1.0,4,21139,1024,8192,1024,34,1058,8.265625,8.0,0,0.0,0,,0.0,0.0,,1.0,0.0,0.12348190937499481,0.1268541945312478,1024,984,0.9609375,,,0,0,,,True
1.0,5,19129,1024,8192,1024,34,1058,8.265625,8.0,0,0.0,0,,0.0,0.0,,1.0,0.0,0.12348190937499481,0.1268541945312478,1024,1032,1.0078125,,,0,0,,,True
1.0,6,6433,1024,8192,1024,34,1058,8.265625,8.0,0,0.0,0,,0.0,0.0,,1.0,0.0,0.12348190937499481,0.1268541945312478,1024,884,0.86328125,,,0,0,,,True
1.0,7,38854,1024,8192,1024,34,1058,8.265625,8.0,0,0.0,0,,0.0,0.0,,1.0,0.0,0.12348190937499481,0.1268541945312478,1024,1007,0.9833984375,,,0,0,,,True
1.0,8,22489,1024,8192,1024,34,1058,8.265625,8.0,0,0.0,0,,0.0,0.0,,1.0,0.0,0.00012799166665899975,6.624999999379118e-05,1024,998,0.974609375,,,0,0,,,True
1.0,9,31104,1024,8192,1024,34,1058,8.265625,8.0,0,0.0,0,,0.0,0.0,,1.0,0.0,0.00012799166665899975,6.624999999379118e-05,1024,953,0.9306640625,,,0,0,,,True
1.0,10,21349,1024,8192,1024,34,1058,8.265625,8.0,0,0.0,0,,0.0,0.0,,1.0,0.0,0.00012799166665899975,6.624999999379118e-05,1024,923,0.9013671875,,,0,0,,,True
1.0,11,29116,1024,8192,1024,34,1058,8.265625,8.0,0,0.0,0,,0.0,0.0,,1.0,0.0,0.00012799166665899975,6.624999999379118e-05,1024,993,0.9697265625,,,0,0,,,True
1.0,12,10772,1024,8192,1024,34,1058,8.265625,8.0,0,0.0,0,,0.0,0.0,,1.0,0.0,0.00012799166665899975,6.624999999379118e-05,1024,1035,1.0107421875,,,0,0,,,True
1.0,13,18332,1024,8192,1024,34,1058,8.265625,8.0,0,0.0,0,,0.0,0.0,,1.0,0.0,0.00012799166665899975,6.624999999379118e-05,1024,1035,1.0107421875,,,0,0,,,True
1.0,14,1003,1024,8192,1024,34,1058,8.265625,8.0,0,0.0,0,,0.0,0.0,,1.0,0.0,0.00012799166665899975,6.624999999379118e-05,1024,999,0.9755859375,,,0,0,,,True
1.0,15,22156,1024,8192,1024,34,1058,8.265625,8.0,0,0.0,0,,0.0,0.0,,1.0,0.0,0.00012799166665899975,6.624999999379118e-05,1024,1027,1.0029296875,,,0,0,,,True
1.0,16,26453,1024,8192,1024,34,1058,8.265625,8.0,0,0.0,0,,0.0,0.0,,1.0,0.0,0.00012799166665899975,6.624999999379118e-05,1024,934,0.912109375,,,0,0,,,True
1.0,17,17039,1024,8192,1024,34,1058,8.265625,8.0,0,0.0,0,,0.0,0.0,,1.0,0.0,0.00012799166665899975,6.624999999379118e-05,1024,884,0.86328125,,,0,0,,,True
1.0,18,7166,1024,8192,1024,34,1058,8.265625,8.0,0,0.0,0,,0.0,0.0,,1.0,0.0,0.00012799166665899975,6.624999999379118e-05,1024,1020,0.99609375,,,0,0,,,True
1.0,19,48310,1024,8192,1024,34,1058,8.265625,8.0,0,0.0,0,,0.0,0.0,,1.0,0.0,0.00012799166665899975,6.624999999379118e-05,1024,998,0.974609375,,,0,0,,,True
