variant,threshold,file_bpp,psnr_db,mse,ssim,omitted_fraction,omitted_error_rate,range_file_bpp,file_bpp_ci95,mse_ci95,val_bce_nats,val_bit_accuracy,val_ece,parameters,train_images,optimizer_steps,train_seconds
n00032,0.5,0.265625,11.294349360368622,4826.645747070313,0.137168528147801,1.0,0.5025396728515625,0.296875,"[0.265625, 0.265625]","[4496.437991577149, 5164.420474365234]",0.5371628559660167,0.7013092041015625,0.04205193145975273,161505,32,64000,1843.5780706000005
n00032,0.55,0.2734375,7.234323073670464,12292.721811523437,0.12687313033689165,0.9996978759765625,0.48861625063724695,0.296875,"[0.2734375, 0.2734375]","[11152.23048803711, 13463.188015991213]",0.5371628559660167,0.7013092041015625,0.04205193145975273,161505,32,64000,1843.5780706000005
n00032,0.6,0.2762109375,7.303143473081422,12099.460708007813,0.1271479012056066,0.999207763671875,0.4886329623933023,0.300078125,"[0.2755859375, 0.2769140625]","[10944.362376586914, 13274.171303710937]",0.5371628559660167,0.7013092041015625,0.04205193145975273,161505,32,64000,1843.5780706000005
n00032,0.65,0.3911328125,9.120083539540067,7962.913662109375,0.12501544170143591,0.9847808837890625,0.472732287344318,0.4155859375,"[0.35995800781250004, 0.4248466796875]","[6955.062985839844, 8874.601357177735]",0.5371628559660167,0.7013092041015625,0.04205193145975273,161505,32,64000,1843.5780706000005
n00032,0.7,0.467578125,9.15361272788374,7901.673637695312,0.11006921296055698,0.9751666259765625,0.46765407804780956,0.4948828125,"[0.421634765625, 0.5106923828125]","[7001.23972668457, 8813.737434204102]",0.5371628559660167,0.7013092041015625,0.04205193145975273,161505,32,64000,1843.5780706000005
n00032,0.75,0.6891796875,9.481471292504922,7327.1187744140625,0.1189292763427148,0.947459716796875,0.46149693555057664,0.7271484375,"[0.59773046875, 0.783208984375]","[6474.087259399414, 8162.066049316406]",0.5371628559660167,0.7013092041015625,0.04205193145975273,161505,32,64000,1843.5780706000005
n00032,0.8,1.1780078125,9.888610004340636,6671.436557617188,0.13365144778201665,0.8863397216796876,0.4555925956786319,1.2572265625,"[1.0402607421875, 1.3363779296875]","[5896.72497680664, 7464.617062988281]",0.5371628559660167,0.7013092041015625,0.04205193145975273,161505,32,64000,1843.5780706000005
n00032,0.85,2.7410546875,11.425767237791371,4682.77873046875,0.20352479539525162,0.690963134765625,0.41360900435837233,2.9008203125,"[2.5391982421874997, 2.9613837890625]","[3999.4133585205077, 5394.175335083007]",0.5371628559660167,0.7013092041015625,0.04205193145975273,161505,32,64000,1843.5780706000005
n00032,0.9,5.07296875,13.327082330257854,3022.5404931640624,0.4618759771253804,0.399525146484375,0.28768435429021877,5.111640625,"[4.81440625, 5.3102744140625004]","[2358.897384887695, 3735.47533972168]",0.5371628559660167,0.7013092041015625,0.04205193145975273,161505,32,64000,1843.5780706000005
n00032,0.925,5.6808984375,14.293215102296744,2419.6851025390624,0.5976656412084966,0.3235565185546875,0.24284164756703733,5.535390625,"[5.4141708984375, 5.931677734375]","[1756.1991240234377, 3120.61471887207]",0.5371628559660167,0.7013092041015625,0.04205193145975273,161505,32,64000,1843.5780706000005
n00032,0.95,6.2887109375,15.899638966832905,1671.53880859375,0.7618385083545627,0.2475439453125,0.1952285145077618,5.8786328125,"[6.022854492187499, 6.551673828125]","[1039.030766845703, 2328.051100585937]",0.5371628559660167,0.7013092041015625,0.04205193145975273,161505,32,64000,1843.5780706000005
n00032,0.975,6.894140625,17.084951022009104,1272.2874951171875,0.8840573333781956,0.1719036865234375,0.1872734309259463,6.0591796875,"[6.6387412109375, 7.1519658203125]","[669.8949991455078, 1887.4365146484374]",0.5371628559660167,0.7013092041015625,0.04205193145975273,161505,32,64000,1843.5780706000005
n00032,0.99,7.884140625,34.3030321530342,24.142216796875,0.9907867297073149,0.04813720703125,0.01711720850027895,6.536328125,"[7.8367529296875, 7.927315429687501]","[20.280270141601562, 28.366549194335935]",0.5371628559660167,0.7013092041015625,0.04205193145975273,161505,32,64000,1843.5780706000005
n00032,1.0,8.265625,,0.0,1.0,0.0,,6.5444140625,"[8.265625, 8.265625]","[0.0, 0.0]",0.5371628559660167,0.7013092041015625,0.04205193145975273,161505,32,64000,1843.5780706000005
n00256,0.5,0.265625,11.833283591312307,4263.359956054687,0.11634590397727373,1.0,0.5072869873046875,0.296875,"[0.265625, 0.265625]","[3977.6819207763674, 4558.730009521484]",0.4979910751571879,0.7217564582824707,0.014000625291231514,161505,256,64000,1851.9537658999998
n00256,0.55,0.2828125,10.689708580030379,5547.655737304687,0.1325474044332841,0.9982366943359375,0.47986653712509425,0.3063671875,"[0.28015625, 0.2863671875]","[5055.376858032227, 6050.579764892578]",0.4979910751571879,0.7217564582824707,0.014000625291231514,161505,256,64000,1851.9537658999998
n00256,0.6,0.2849609375,10.823269685991397,5379.64220703125,0.13519698383498738,0.998004150390625,0.4822650186835297,0.3087890625,"[0.2837490234375, 0.28640625]","[4885.691432128906, 5855.631796875]",0.4979910751571879,0.7217564582824707,0.014000625291231514,161505,256,64000,1851.9537658999998
n00256,0.65,0.3078515625,10.668876014499315,5574.331079101563,0.1359889843848921,0.995155029296875,0.47342348365064624,0.33171875,"[0.29995996093750005, 0.31673144531249997]","[4988.475935546875, 6130.569494262696]",0.4979910751571879,0.7217564582824707,0.014000625291231514,161505,256,64000,1851.9537658999998
n00256,0.7,0.3198046875,9.992452694185141,6513.810073242187,0.1315902466674192,0.9936590576171875,0.46731686702362574,0.343203125,"[0.3140625, 0.325548828125]","[5770.451200439453, 7285.481875976562]",0.4979910751571879,0.7217564582824707,0.014000625291231514,161505,256,64000,1851.9537658999998
n00256,0.75,0.425234375,9.911471224067414,6636.41044921875,0.12414402409260557,0.9804742431640625,0.4634678964074529,0.452421875,"[0.40010937500000004, 0.453287109375]","[5890.4092570800785, 7365.152746582031]",0.4979910751571879,0.7217564582824707,0.014000625291231514,161505,256,64000,1851.9537658999998
n00256,0.8,1.15734375,10.17669557585007,6243.25111328125,0.11431236069054464,0.888951416015625,0.44994637675786053,1.2364453125,"[1.0369374999999998, 1.2776874999999999]","[5422.920036376953, 6997.026176513672]",0.4979910751571879,0.7217564582824707,0.014000625291231514,161505,256,64000,1851.9537658999998
n00256,0.85,3.46078125,10.866609118477736,5326.224267578125,0.2177764449462555,0.6010546875,0.37476644245142005,3.547578125,"[3.1847431640624997, 3.722890625]","[4605.904096923829, 6092.405054199218]",0.4979910751571879,0.7217564582824707,0.014000625291231514,161505,256,64000,1851.9537658999998
n00256,0.9,4.6986328125,11.998223601701234,4104.478647460937,0.4295774283958341,0.4463226318359375,0.30538594607900116,4.5611328125,"[4.392345703125001, 4.987733398437499]","[3330.6309653320313, 4995.126780029296]",0.4979910751571879,0.7217564582824707,0.014000625291231514,161505,256,64000,1851.9537658999998
n00256,0.925,5.39671875,13.315712625647457,3030.4637841796875,0.5927279038943185,0.359031982421875,0.2539006320570925,5.049609375,"[5.08890234375, 5.6930126953125]","[2281.487236328125, 3776.6986099853516]",0.4979910751571879,0.7217564582824707,0.014000625291231514,161505,256,64000,1851.9537658999998
n00256,0.95,6.6868359375,21.605387930706662,449.3053271484375,0.8474565482422761,0.1977996826171875,0.08789323459075832,5.947734375,"[6.5999560546875, 6.772265625]","[404.02672607421874, 491.0932839355468]",0.4979910751571879,0.7217564582824707,0.014000625291231514,161505,256,64000,1851.9537658999998
n00256,0.975,7.3898046875,27.521433482469703,115.063349609375,0.9655519321829863,0.10994140625,0.03251021495825191,6.0839453125,"[7.32151171875, 7.4565712890625]","[94.03388610839843, 139.48143774414064]",0.4979910751571879,0.7217564582824707,0.014000625291231514,161505,256,64000,1851.9537658999998
n00256,0.99,7.9630859375,36.778944264277214,13.6516748046875,0.9962989420694415,0.03826171875,0.0071145992853496685,6.1034375,"[7.91819921875, 8.005017578125]","[10.366062744140626, 17.34307043457031]",0.4979910751571879,0.7217564582824707,0.014000625291231514,161505,256,64000,1851.9537658999998
n00256,1.0,8.265625,,0.0,1.0,0.0,,6.10234375,"[8.265625, 8.265625]","[0.0, 0.0]",0.4979910751571879,0.7217564582824707,0.014000625291231514,161505,256,64000,1851.9537658999998
n01024,0.5,0.265625,12.45391833910393,3695.6303662109376,0.14001809952094463,1.0,0.5096539306640625,0.296875,"[0.265625, 0.265625]","[3404.570572998047, 3944.2580308837887]",0.484595860587433,0.7280960083007812,0.011548100014778115,161505,1024,64000,1843.6093842999999
n01024,0.55,0.2748046875,12.059975219576877,4046.530693359375,0.13780083206056032,0.99913818359375,0.47765957966704703,0.2987109375,"[0.2744140625, 0.275234375]","[3637.830881713867, 4461.93835119629]",0.484595860587433,0.7280960083007812,0.011548100014778115,161505,1024,64000,1843.6093842999999
n01024,0.6,0.2803125,9.723534179633015,6929.899604492188,0.1299989653532857,0.998660888671875,0.46643576664552017,0.3042578125,"[0.2796875, 0.2809765625]","[6078.122392700196, 7765.4151120605475]",0.484595860587433,0.7280960083007812,0.011548100014778115,161505,1024,64000,1843.6093842999999
n01024,0.65,0.284296875,9.763975873939003,6865.6676025390625,0.13101123440679602,0.9981781005859375,0.4649131871726748,0.3083984375,"[0.283203125, 0.2854296875]","[6051.216535888672, 7673.754122680663]",0.484595860587433,0.7280960083007812,0.011548100014778115,161505,1024,64000,1843.6093842999999
n01024,0.7,0.293671875,9.734853705879065,6911.860913085938,0.1301048939878211,0.996927490234375,0.46529926544326256,0.317421875,"[0.2906640625, 0.29758203125000005]","[6041.543678833008, 7731.030935302734]",0.484595860587433,0.7280960083007812,0.011548100014778115,161505,1024,64000,1843.6093842999999
n01024,0.75,0.328046875,9.90391744361754,6647.963349609375,0.13229534777875104,0.992623291015625,0.46239963500283465,0.3541015625,"[0.31894433593750005, 0.33832617187499997]","[5854.2958189697265, 7399.095660156249]",0.484595860587433,0.7280960083007812,0.011548100014778115,161505,1024,64000,1843.6093842999999
n01024,0.8,0.7746875,9.670949945418005,7014.316630859375,0.13311321350340882,0.936800537109375,0.45421584072491583,0.829609375,"[0.6703759765625, 0.8863349609375]","[6157.782889892578, 7888.843143798828]",0.484595860587433,0.7280960083007812,0.011548100014778115,161505,1024,64000,1843.6093842999999
n01024,0.85,2.9767578125,9.627830791719775,7084.3055078125,0.1931293373397923,0.6615869140625,0.39963595905323523,3.0778515625,"[2.6619033203125, 3.278296875]","[6080.628428955079, 8086.552054321289]",0.484595860587433,0.7280960083007812,0.011548100014778115,161505,1024,64000,1843.6093842999999
n01024,0.9,5.06515625,12.657079641239468,3526.7314990234377,0.4341418290906961,0.4004779052734375,0.258544250262519,4.9227734375,"[4.7613935546875, 5.3262275390625]","[2810.5479404296875, 4296.66084375]",0.484595860587433,0.7280960083007812,0.011548100014778115,161505,1024,64000,1843.6093842999999
n01024,0.925,5.6780078125,14.136816378960827,2508.41115234375,0.5855984825550979,0.3238897705078125,0.19869182020159762,5.30328125,"[5.395619140625, 5.91845703125]","[1890.6574133300783, 3168.2022316894527]",0.484595860587433,0.7280960083007812,0.011548100014778115,161505,1024,64000,1843.6093842999999
n01024,0.95,6.2719921875,16.290533023932156,1527.6612353515625,0.7629082121306016,0.2496343994140625,0.14451309410001442,5.569609375,"[6.0416005859375, 6.493302734375]","[995.7554294433594, 2059.6756739501952]",0.484595860587433,0.7280960083007812,0.011548100014778115,161505,1024,64000,1843.6093842999999
n01024,0.975,7.2115625,25.053013649280615,203.1323046875,0.9515875077501507,0.1322039794921875,0.03301431651454504,5.92109375,"[7.1188642578125005, 7.2969345703125]","[139.3125341796875, 280.1797177734375]",0.484595860587433,0.7280960083007812,0.011548100014778115,161505,1024,64000,1843.6093842999999
n01024,0.99,7.9279296875,38.544262049726434,9.0918896484375,0.997694349220478,0.042633056640625,0.005282748747315677,5.9600390625,"[7.888744140625, 7.967384765625001]","[6.659022705078125, 11.667391479492188]",0.484595860587433,0.7280960083007812,0.011548100014778115,161505,1024,64000,1843.6093842999999
n01024,1.0,8.265625,,0.0,1.0,0.0,,5.9628515625,"[8.265625, 8.265625]","[0.0, 0.0]",0.484595860587433,0.7280960083007812,0.011548100014778115,161505,1024,64000,1843.6093842999999
n05000,0.5,0.265625,10.846189147647372,5351.326459960937,0.1360310692882219,1.0,0.5058758544921875,0.296875,"[0.265625, 0.265625]","[4976.112100830078, 5733.208342529297]",0.5074037960730493,0.7158036231994629,0.01046772609785761,161505,5000,64000,1842.4489965000012
n05000,0.55,0.27484375,7.066106797563964,12778.199995117187,0.1256700752094666,0.999454345703125,0.4857637162856197,0.2984375,"[0.2744140625, 0.2752734375]","[11669.280063720702, 13899.196885742187]",0.5074037960730493,0.7158036231994629,0.01046772609785761,161505,5000,64000,1842.4489965000012
n05000,0.6,0.2791015625,7.717472404832705,10998.491420898437,0.1268570649980374,0.9988409423828125,0.4856611758868464,0.3028515625,"[0.2784365234375, 0.2798046875]","[10020.618724487304, 12016.466593627929]",0.5074037960730493,0.7158036231994629,0.01046772609785761,161505,5000,64000,1842.4489965000012
n05000,0.65,0.3941015625,9.036672703873808,8117.327915039063,0.11513566225357622,0.98438232421875,0.46579886558383743,0.41890625,"[0.35972265625, 0.4292587890625]","[7185.456442871094, 9014.573844970702]",0.5074037960730493,0.7158036231994629,0.01046772609785761,161505,5000,64000,1842.4489965000012
n05000,0.7,0.5002734375,8.941584434527048,8297.015805664063,0.11001343171059698,0.9711187744140625,0.4676732359948991,0.529609375,"[0.4480029296875, 0.559736328125]","[7410.288879516602, 9133.621574707031]",0.5074037960730493,0.7158036231994629,0.01046772609785761,161505,5000,64000,1842.4489965000012
n05000,0.75,0.900625,8.910815453381858,8356.007392578125,0.10690418013731245,0.9210247802734375,0.4630323119773467,0.954921875,"[0.79291015625, 1.0191425781249999]","[7441.396280517578, 9206.573662963867]",0.5074037960730493,0.7158036231994629,0.01046772609785761,161505,5000,64000,1842.4489965000012
n05000,0.8,1.4753125,9.27798612921886,7678.594755859375,0.10960735708075653,0.8491778564453125,0.450523362081172,1.558359375,"[1.2978671875, 1.6784970703125]","[6836.657075073242, 8541.525297485352]",0.5074037960730493,0.7158036231994629,0.01046772609785761,161505,5000,64000,1842.4489965000012
n05000,0.85,2.9863671875,9.158298787282524,7893.152290039063,0.2006365723355725,0.6603790283203125,0.39943713521232205,3.0037109375,"[2.660603515625, 3.2873281249999997]","[6935.339018066406, 8844.552115234375]",0.5074037960730493,0.7158036231994629,0.01046772609785761,161505,5000,64000,1842.4489965000012
n05000,0.9,4.929375,12.124433267096846,3986.91552734375,0.49078917499334024,0.417459716796875,0.3045853156443449,4.6944140625,"[4.6208671875, 5.2437626953125]","[3209.2611381835936, 4718.035314819335]",0.5074037960730493,0.7158036231994629,0.01046772609785761,161505,5000,64000,1842.4489965000012
n05000,0.925,5.8065234375,14.254761396084813,2441.204833984375,0.6631949029170494,0.3077972412109375,0.23810666375831607,5.337734375,"[5.528916015625001, 6.082638671875]","[1813.9845390624998, 3063.5751174316406]",0.5074037960730493,0.7158036231994629,0.01046772609785761,161505,5000,64000,1842.4489965000012
n05000,0.95,6.7209375,17.94801745306946,1042.986328125,0.8332654682690793,0.1934869384765625,0.1480683513717276,5.9103125,"[6.5483115234375, 6.881344726562499]","[654.295196899414, 1514.57178137207]",0.5074037960730493,0.7158036231994629,0.01046772609785761,161505,5000,64000,1842.4489965000012
n05000,0.975,7.371328125,21.76147469030477,433.443896484375,0.9485033274261206,0.1122027587890625,0.11241180854362383,6.0537109375,"[7.230844726562499, 7.488560546875]","[207.8532607421875, 710.710830932617]",0.5074037960730493,0.7158036231994629,0.01046772609785761,161505,5000,64000,1842.4489965000012
n05000,0.99,7.992734375,27.434360714444207,117.393564453125,0.9899475501589129,0.034541015625,0.09916595985298275,6.164296875,"[7.8940888671875005, 8.059259765625]","[7.259399414062501, 311.2272714843748]",0.5074037960730493,0.7158036231994629,0.01046772609785761,161505,5000,64000,1842.4489965000012
n05000,1.0,8.265625,,0.0,1.0,0.0,,6.210078125,"[8.265625, 8.265625]","[0.0, 0.0]",0.5074037960730493,0.7158036231994629,0.01046772609785761,161505,5000,64000,1842.4489965000012
n45000,0.5,0.265625,12.417713078872278,3726.5680224609373,0.13918600664478067,1.0,0.5095501708984375,0.296875,"[0.265625, 0.265625]","[3433.4953806152344, 3983.1696314697265]",0.4886689429404214,0.7264418601989746,0.012222502110006429,161505,45000,64000,1844.304764999999
n45000,0.55,0.27390625,12.355755656691564,3780.1131103515627,0.13958346699416813,0.9992034912109375,0.5047007046017489,0.298515625,"[0.273671875, 0.27418066406249997]","[3494.2215286865235, 4047.7978787841794]",0.4886689429404214,0.7264418601989746,0.012222502110006429,161505,45000,64000,1844.304764999999
n45000,0.6,0.281953125,10.272315595612527,6107.293637695312,0.13756854845169106,0.9983758544921875,0.46980049995751155,0.305859375,"[0.28125, 0.28261816406249995]","[5357.461431030273, 6929.4444674072265]",0.4886689429404214,0.7264418601989746,0.012222502110006429,161505,45000,64000,1844.304764999999
n45000,0.65,0.29,10.211937526011807,6192.793637695312,0.13543418014293962,0.997330322265625,0.4693248455042943,0.3137890625,"[0.2885927734375, 0.2915234375]","[5452.164997924805, 6972.247752685546]",0.4886689429404214,0.7264418601989746,0.012222502110006429,161505,45000,64000,1844.304764999999
n45000,0.7,0.30390625,9.694140891592365,6976.960620117187,0.12821409807785308,0.995592041015625,0.4645881687958028,0.3277734375,"[0.3004287109375, 0.307421875]","[6131.935109985351, 7751.086666748046]",0.4886689429404214,0.7264418601989746,0.012222502110006429,161505,45000,64000,1844.304764999999
n45000,0.75,0.364453125,9.783560133064263,6834.77697265625,0.12778565957957727,0.9880401611328125,0.4644364206930421,0.3905859375,"[0.350193359375, 0.37902734375]","[6028.930740234375, 7641.055163085937]",0.4886689429404214,0.7264418601989746,0.012222502110006429,161505,45000,64000,1844.304764999999
n45000,0.8,0.8296875,9.292792755025728,7652.460302734375,0.1320499676872582,0.9299029541015625,0.46042572854373953,0.8851953125,"[0.732861328125, 0.9316875]","[6644.533786010743, 8607.32281628418]",0.4886689429404214,0.7264418601989746,0.012222502110006429,161505,45000,64000,1844.304764999999
n45000,0.85,3.103046875,10.038961038663253,6444.426235351562,0.1900251324749322,0.6457989501953125,0.40380898554642053,3.1976953125,"[2.7841767578125, 3.434189453125]","[5602.644327758789, 7309.839048339843]",0.4886689429404214,0.7264418601989746,0.012222502110006429,161505,45000,64000,1844.304764999999
n45000,0.9,5.10390625,12.597952950994246,3575.074248046875,0.41933267720160416,0.39566650390625,0.2626214790361892,4.958515625,"[4.8121826171875, 5.359349609375]","[2930.9094624023437, 4265.44153503418]",0.4886689429404214,0.7264418601989746,0.012222502110006429,161505,45000,64000,1844.304764999999
n45000,0.925,5.6585546875,14.070526514531792,2546.99275390625,0.5792970083691086,0.3263153076171875,0.21059414366811002,5.3021875,"[5.3930986328125, 5.910641601562499]","[1894.2229194335937, 3227.085393798828]",0.4886689429404214,0.7264418601989746,0.012222502110006429,161505,45000,64000,1844.304764999999
n45000,0.95,6.24875,16.121015480076753,1588.4692529296874,0.751651442802821,0.2525201416015625,0.15899538103444524,5.5779296875,"[6.0081474609375, 6.485416015625]","[1024.4116403808596, 2157.8553383789063]",0.4886689429404214,0.7264418601989746,0.012222502110006429,161505,45000,64000,1844.304764999999
n45000,0.975,7.0725390625,20.91711356251423,526.46439453125,0.9296489445275558,0.14958984375,0.0933991056273665,5.8535546875,"[6.906047851562501, 7.225009765625]","[228.72803637695313, 908.6008980712891]",0.4886689429404214,0.7264418601989746,0.012222502110006429,161505,45000,64000,1844.304764999999
n45000,0.99,7.9591796875,38.1158876563476,10.034404296875,0.9970904471197999,0.0387359619140625,0.0067281178602379265,6.0072265625,"[7.9232021484374995, 7.992515624999999]","[7.078761840820313, 13.425494750976561]",0.4886689429404214,0.7264418601989746,0.012222502110006429,161505,45000,64000,1844.304764999999
n45000,1.0,8.265625,,0.0,1.0,0.0,,6.0091796875,"[8.265625, 8.265625]","[0.0, 0.0]",0.4886689429404214,0.7264418601989746,0.012222502110006429,161505,45000,64000,1844.304764999999
