run,image,encode_seconds,decode_seconds
0,0,4.543811600000481,4.764644599999883
0,1,4.81176069999492,4.527235699999437
0,2,4.920415100001264,5.099416500001098
0,3,3.832412799994927,1.9099177999960375
0,4,1.6618220000018482,4.608488800004125
0,5,4.974998199999391,4.586159899998165
0,6,4.938384100001713,5.124909600002866
0,7,5.015412799999467,4.793364600001951
0,8,4.8566525999995065,4.4790795000008075
0,9,4.89946009999403,4.720688500005053
0,10,4.790038400002231,4.78849540000374
0,11,4.863894100002653,4.61296699999366
0,12,4.634102399999392,5.106354499999725
0,13,4.777551700004551,4.961751200004073
0,14,4.8126058999987436,4.852429599995958
0,15,4.594372100000328,4.8489903999943635
0,16,4.401341800003138,4.738539799996943
0,17,4.635178299999097,4.657365500002925
0,18,4.309259099994961,4.607072600003448
0,19,4.569850100000622,4.8043554999967455
0,20,4.59687760000088,4.764380599997821
0,21,4.645236399999703,4.645068500001798
0,22,4.68962399999873,4.631424400002288
0,23,4.81337870000425,4.749752499999886
0,24,4.765036099997815,4.274543799998355
0,25,89.59770189999836,224.8981352999981
0,26,3.6193181999988155,4.771392599999672
0,27,3.190060100001574,3.3386764000024414
0,28,3.3215514999974403,3.0997790999972494
0,29,1.8820685999962734,1.9563872999933665
0,30,1.6129415000032168,2.2440074999976787
0,31,1.703449399996316,1.600147900004231
0,32,1.5894479000053252,1.6350296000018716
0,33,1.7984600000054343,1.7691141000032076
0,34,1.5795205999966129,1.6340904999960912
0,35,3.6626612999971258,20.79068919999554
0,36,1328.740180599998,4.872057700005826
0,37,5.4212649000037345,5.075453400000697
0,38,5.055359199999657,4.163251600002695
0,39,4.091584800000419,3.9935746999981347
0,40,4.030478000000585,2.9279053999998723
0,41,1.3571710000032908,1.390635799994925
0,42,3.686014500002784,3.0588446999972803
0,43,1.3706875999996555,1.4350950000007288
0,44,1.452782299995306,1.5554335999986506
0,45,1.4746249000017997,1.5591115999995964
0,46,1.7136485000009998,1858.4259170000005
0,47,332.4336154000048,2.914134300001024
0,48,3.672009900001285,3.1793784000037704
0,49,2.9996309999987716,2.252816599997459
0,50,2.0017777000030037,1.8009629000007408
0,51,1.361248200002592,1.3998119000025326
0,52,1.3766026000012062,1.408342700000503
0,53,1.4166350000014063,1.3803243999936967
0,54,1.3617919000025722,1.3787937000015518
0,55,1.3485943999985466,1.4034439999959432
0,56,3.9159953000053065,3.715692300000228
0,57,4.067219899996417,4.916351599997142
0,58,5.270160000000033,6.710739199996169
0,59,8.83591599999636,8.575961599999573
0,60,6.739856899999722,6.398205400000734
0,61,7.515030599999591,7.2105936000007205
0,62,5.978092699995614,5.671623599999293
0,63,2.496902400002,1.735320599997067
0,64,3.961564500001259,2.226424100001168
0,65,2.3723948000042583,2.664484100001573
0,66,2.286466500001552,2.593436600000132
0,67,2.6032233000005363,2.135251200001221
0,68,1.9809093000003486,2.231933000002755
0,69,2.0883623999980045,2.725524100002076
0,70,2.998531400000502,3.0111816999997245
0,71,2.7793557999975746,2.941675000001851
0,72,2.8503286999984994,2.8012755000017933
0,73,2.865270899994357,2.921689200004039
0,74,2.998220699999365,2.937315499999386
0,75,2.8089055999953416,3.376308799997787
0,76,3.9702216000005137,2.9624882000061916
0,77,3.1881414000017685,3.0753711000070325
0,78,3.096233000003849,2.908762300001399
0,79,3.059190199994191,3.1400327000010293
0,80,3.207910899996932,2.959298100002343
0,81,2.7432199000031687,2.8738912000044365
0,82,2.9868523000041023,3.071848999999929
0,83,2.9835740999988047,2.770525500003714
0,84,3.1671080000014626,3.065302499999234
0,85,2.9594708000004175,2.8482642999952077
0,86,2.8513356000039494,3.1741868000026443
0,87,2.891852500004461,3.1618751999994856
0,88,2.86657419999392,3.2317086000039126
0,89,3.2358185999983107,3.215784200001508
0,90,2.813326399998914,2.803010000003269
0,91,3.0273425999985193,2.882413599996653
0,92,3.0438169999979436,3.224948299997777
0,93,2.938812799999141,3.050882299998193
0,94,3.060272199996689,3.047599799996533
0,95,3.11390570000367,3.0496809000032954
0,96,3.046618300002592,2.578408399996988
0,97,2.9523630000039702,3.014565900004527
0,98,2.7349934999947436,3.0564895999996224
0,99,3.2102054999995744,3.2488034999987576
1,0,3.0283371999976225,3.1974626000010176
1,1,2.6521326000001864,2.643715800004429
1,2,2.602408099999593,2.6323713999954634
1,3,3.4037154000034207,3.0100482999987435
1,4,2.9921635999999125,2.9836443000021973
1,5,2.875062099999923,2.9532967999984976
1,6,2.7340110999939498,2.5215998999992735
1,7,2.6558963999996195,2.550345700001344
1,8,2.7012953000012203,2.4126547999985632
1,9,2.4194452000010642,2.8584039999987
1,10,2.9930979999990086,3.1691448999990826
1,11,3.180371800001012,3.1081787000002805
1,12,3.0230388999989373,2.887768100001267
1,13,3.1795963999975356,3.3196467999950983
1,14,3.2750629000001936,3.109881199998199
1,15,2.9074554000035278,2.6669158000004245
1,16,2.60928309999872,2.8867992000014056
1,17,2.63749409999582,2.5592274999944493
1,18,2.73939710000559,2.589292899996508
1,19,2.7207164999999804,2.807933199997933
1,20,3.035724499997741,2.7179700000051525
1,21,2.8051786000069114,3.21783680000226
1,22,3.4408974000034505,3.49870020000526
1,23,3.296131700000842,2.8522948999961955
1,24,2.8636198000021977,2.46860430000379
1,25,2.689091499996721,2.7341862999965088
1,26,2.555700299999444,3.2421156000054907
1,27,2.808826599997701,2.899100400005409
1,28,2.6589965999955893,2.8171321999980137
1,29,2.624223800004984,2.6457106999951066
1,30,2.7407419000010123,2.3973521000007167
1,31,2.8659466999961296,2.9022254000010435
1,32,2.5737292999983765,2.7811051000026055
1,33,3.0195874000055483,2.8251705000002403
1,34,2.5568414999943343,2.5917736000046716
1,35,2.6991405000007944,2.4748391000030097
1,36,2.6285092999969493,3.185805100001744
1,37,2.378467399998044,1.4120693000004394
1,38,2.5803920999969705,2.554404299997259
1,39,2.7300249000036274,3.291316700000607
1,40,3.1799491999991005,2.7889233000023523
1,41,2.5614769000021624,2.6522699000051944
1,42,2.8439791000055266,2.6535930999962147
1,43,2.6721825000058743,2.808936299996276
1,44,2.77760649999982,2.575983400005498
1,45,2.4464536999948905,2.6849842999945395
1,46,2.50468450000335,2.5519609000039054
1,47,2.619167800003197,2.5222544000062044
1,48,3.077670799997577,2.8898703000013484
1,49,4.179542100006074,3.246052900001814
1,50,2.6598497000013595,2.672014299998409
1,51,2.416828400004306,2.4476458999997703
1,52,2.6186394000033033,2.8698978000029456
1,53,2.475457799999276,2.9052301999981864
1,54,2.946436600002926,2.8230871000050684
1,55,2.6402508999963175,2.534915500000352
1,56,2.4281773999973666,2.6853530000007595
1,57,2.5325976999956765,2.7507483000008506
1,58,2.9535648000019137,2.7271203999989666
1,59,2.7589813000013237,2.665469600004144
1,60,2.6995750999994925,2.958036300005915
1,61,3.0498061000034795,2.78565289999824
1,62,2.7482818999997107,2.3196372000020347
1,63,2.8569137999947998,2.5165201000054367
1,64,2.5592709999982617,2.564920999997412
1,65,2.5971079000009922,3.030103200006124
1,66,3.493379299994558,3.2766113999969093
1,67,3.0248203000010108,3.172771699995792
1,68,3.2142718999966746,2.7343069999988074
1,69,2.9712279999948805,3.6970501000032527
1,70,3.0551568000009866,3.1052324999982375
1,71,2.891247799998382,2.994060499993793
1,72,2.892551999997522,3.5359201000028406
1,73,3.4543351999964216,3.463632500002859
1,74,3.3672378999981447,3.270734199999424
1,75,3.555142400000477,3.4601047999967705
1,76,3.6527859999987413,3.116542199997639
1,77,2.7715835999988485,2.687328799998795
1,78,2.524733999998716,2.613216799996735
1,79,2.4016449000046123,2.600533100005123
1,80,2.5823039000024437,2.6845735000024433
1,81,2.5697761999981594,2.67995919999521
1,82,2.6818920000005164,2.84237949999806
1,83,2.681243999999424,3.1035040999995545
1,84,2.675589899998158,2.6238303999998607
1,85,2.6719263999984832,2.7568795999977738
1,86,2.9139938000007533,2.64387269999861
1,87,2.514516499999445,2.715166699999827
1,88,2.6809866999974474,2.8418922000055318
1,89,2.5705257000008714,2.9733449000050314
1,90,2.825008499996329,2.653575099997397
1,91,2.6166948000027332,2.7243100000050617
1,92,2.7634211000040523,2.708227100003569
1,93,2.5538218000001507,2.5932347000052687
1,94,2.595198700000765,2.7643345999968005
1,95,2.8345589000018663,2.6403737000000547
1,96,2.607668899996497,2.5873462000017753
1,97,2.798107300004631,2.5196685999981128
1,98,2.7589098000025842,2.592974099999992
1,99,2.8889916999978595,2.5480212999973446
2,0,2.6830512000015005,2.4912896000023466
2,1,2.632419100002153,2.7729296999968938
2,2,2.5922244000030332,2.9768822000041837
2,3,2.752975700001116,2.6150190999978804
2,4,2.9711873999985983,2.582763899998099
2,5,2.6934785999983433,2.2403909000058775
2,6,2.3385937999992166,2.3016365000003134
2,7,2.135474399998202,2.3808955999993486
2,8,2.55228590000479,2.4241351000018767
2,9,2.564210800002911,2.2996292999960133
2,10,2.296806499995,2.454401199996937
2,11,2.3854142999989563,2.5858267999938107
2,12,2.222420300000522,2.8103510000000824
2,13,3.265156000001298,2.9180352999974275
2,14,2.629851099998632,2.617363800003659
2,15,2.7351246000034735,2.811701600003289
2,16,2.249051500002679,1.4603543000048376
2,17,1.3965012000044226,2.517196500004502
2,18,2.7639979000014137,2.671604600000137
2,19,2.5241984999956912,3.0884083999990253
2,20,2.7405180999994627,2.619125700002769
2,21,2.3185572999936994,2.5648685000051046
2,22,2.778835400000389,2.621816200000467
2,23,2.4943334000054165,2.7285339000009117
2,24,2.5827474999969127,2.73817890000646
2,25,2.78471630000422,2.5983952000024146
2,26,2.7677467000030447,2.7010587000040687
2,27,2.823278700001538,2.7892542999979923
2,28,2.862188300001435,2.7654326999982004
2,29,2.6705933999983245,3.0220219000038924
2,30,2.5398558999950183,2.7337254999947618
2,31,2.6290805999960867,2.8522165000031237
2,32,2.82611700000416,2.675243400000909
2,33,2.915827000004356,2.650547999997798
2,34,2.4113036999988253,2.7020380000030855
2,35,2.6392219999979716,2.6933659999995143
2,36,2.732899400005408,2.936429200002749
2,37,2.5156547000005958,2.4702756999977282
2,38,2.599664199995459,2.7083659000054467
2,39,2.7035343000025023,2.688289999998233
2,40,2.781205300001602,2.6292616999999154
2,41,2.6376761000065017,2.6757862999947974
2,42,2.5494456000014907,2.8327705999981845
2,43,2.3977276000005077,2.3879516999950283
2,44,2.385300500005542,2.9287179999955697
2,45,2.5603837999951793,2.7234723000001395
2,46,2.936456999996153,2.6356732999993255
2,47,2.6678842999972403,2.4505033000023104
2,48,2.8509797000006074,2.6353811000008136
2,49,2.6274806000001263,2.5840855999995256
2,50,2.543955000001006,2.5405893999995897
2,51,2.961033599996881,2.776788699993631
2,52,2.642469799997343,2.7842359999995097
2,53,2.7715173000033246,2.5820009999952163
2,54,2.4504893999983324,2.663102799997432
2,55,2.9416582999983802,2.3196706999951857
2,56,2.547897100004775,2.6603409000017564
2,57,2.7558612000066205,2.6357407000032254
2,58,2.4313853999992716,2.6884710999947856
2,59,2.939349200001743,2.577053300003172
2,60,1.8859286999941105,1.3461067999960505
2,61,1.3465120999971987,2.190157099998032
2,62,2.3624423000001116,2.75966189999599
2,63,2.7159762999945087,2.7399405000032857
2,64,2.570003500004532,2.844994900005986
2,65,2.8937652000022354,2.5260802999982843
2,66,2.760529300001508,2.720308300005854
2,67,2.641408900002716,2.5015656999967177
2,68,2.4893679000015254,2.7575362999996287
2,69,2.7373607999979868,2.7032999000002746
2,70,2.652184999999008,2.5431126000039512
2,71,2.5021919999999227,2.6791547000029823
2,72,2.6699791999999434,2.810909300002095
2,73,2.648403300001519,2.6905418999958783
2,74,2.701140099998156,2.6119682999997167
2,75,2.6565951999946265,2.6095599999971455
2,76,2.732163100001344,2.8710734999986016
2,77,2.763047899999947,3.080629999996745
2,78,2.8610419999968144,2.7469849999979488
2,79,2.600324700004421,2.4555577999999514
2,80,2.607672600002843,2.680896500001836
2,81,2.8169691000002786,2.9116193000008934
2,82,2.811197399998491,2.7535914000036428
2,83,2.63156429999799,2.7275602000008803
2,84,2.606437200003711,2.7602748999997857
2,85,2.8470300000044517,2.7918152999991435
2,86,2.6290418000062346,2.5972951000003377
2,87,2.7863546000007773,2.6088560999996844
2,88,2.916697700005898,2.702103799994802
2,89,2.7140632000009646,3.3818064000006416
2,90,2.566794900005334,2.541310799999337
2,91,2.6169765000013285,2.8973066000035033
2,92,2.8811473000023398,2.8459408999988227
2,93,2.460641300000134,2.6791076000008616
2,94,2.475864799998817,2.5796971000017948
2,95,2.8136557000034372,2.3253865000006044
2,96,2.439961399999447,2.7699358999961987
2,97,2.731354299998202,2.6834974000012153
2,98,2.645352899999125,2.593132100002549
2,99,2.5256367000038153,2.4482209000052535
